"sample","cosine_similarity_SBS96"
"TCGA-CF-A9FF-01",0.289617505862799
"TCGA-A2-A0T5-01",0.263592321201213
