sample,dim1,dim2
TCGA-A2-A0T5-01,0.0001,0.0002
TCGA-CA-6717-01,0.0342,-0.3123
TCGA-CF-A9FF-01,0.0031231,0.0002321