sample,dim1,dim2
TCGA-A2-A0T5-01,-0.9124,0.000203
TCGA-CA-6717-01,-0.213124,0.3000123
TCGA-CF-A9FF-01,0.03123,0.2391234