sample,dim1,dim2
TCGA-A2-A0T5-01,0.0293,0.023812
TCGA-CA-6717-01,-0.7249,0.01237
TCGA-CF-A9FF-01,0.2934134,-0.000023